Date,admiration,amusement,anger,annoyance,approval,caring,confusion,curiosity,desire,disappointment,disapproval,disgust,embarrassment,excitement,fear,gratitude,grief,joy,love,nervousness,optimism,pride,realization,relief,remorse,sadness,surprise,neutral,comment_count
2023-09-07,0.31436175,0.38455182,0.46949524,0.5320197,0.47320268,0.54071957,0.64453644,0.6635716,0.54111487,0.4272595,0.51781714,0.3972251,0.49023214,0.52995926,0.35250226,0.24643505,0.39716816,0.25908133,0.19262844,0.41419396,0.29015282,0.39940232,0.6023777,0.3635856,0.5050674,0.3900584,0.56013906,0.35907808,91
2023-09-08,0.33189481,0.38044494,0.4694726,0.5013637,0.498856,0.5495333,0.6404508,0.63663924,0.5648175,0.4031314,0.5346806,0.38143313,0.4710311,0.55895096,0.3819076,0.23600507,0.40590698,0.25637567,0.21278019,0.42879367,0.26966995,0.3862345,0.595641,0.37081176,0.51675266,0.36316967,0.5560539,0.3615058,40
2023-09-09,0.22022827,0.3171864,0.59816045,0.60569495,0.42939416,0.43437424,0.68049425,0.56305164,0.5701285,0.59351593,0.62953526,0.528786,0.56992877,0.49100342,0.45385557,0.17620862,0.5039853,0.18001303,0.14187363,0.4621888,0.2083662,0.32994246,0.50150126,0.27723524,0.5186869,0.47460556,0.51074433,0.32099727,19
2023-09-10,0.32707888,0.4073861,0.5023062,0.51336837,0.4846263,0.519625,0.5727323,0.6257182,0.5574879,0.42460415,0.55283266,0.44670695,0.48688972,0.55591196,0.38422266,0.2726123,0.405072,0.26401204,0.18957995,0.45209405,0.2917847,0.39620146,0.60544765,0.34627423,0.48999304,0.37953505,0.5589253,0.33338892,52
2023-09-11,0.27207235,0.28264645,0.4923081,0.50849676,0.475829,0.5086805,0.59745646,0.5980142,0.54230523,0.54815847,0.6020686,0.5155084,0.5595653,0.45779574,0.3929473,0.22452106,0.50020623,0.202647,0.17092866,0.37609503,0.23269166,0.34343323,0.5963203,0.3023112,0.5445852,0.53009915,0.52462757,0.33244905,239
2023-09-12,0.2649544,0.34263393,0.47811726,0.54378784,0.41924545,0.46434146,0.6609292,0.6384299,0.5032415,0.51599604,0.57862544,0.51393247,0.5667856,0.48227042,0.36582834,0.249279,0.44230914,0.21609885,0.19149747,0.39027786,0.22889248,0.33237946,0.5624968,0.27179292,0.4905331,0.4563262,0.5882857,0.29205662,29
2023-09-13,0.26712507,0.3005318,0.5191621,0.58153623,0.43760273,0.5024321,0.64621764,0.588843,0.5472839,0.5197682,0.6233252,0.5016914,0.55830526,0.4511165,0.3598864,0.2579313,0.4204278,0.22613713,0.19341972,0.38192984,0.24801505,0.37894917,0.6095468,0.3207501,0.5243549,0.4293819,0.510533,0.33751732,83
2023-09-14,0.27554518,0.3280412,0.5170412,0.5706909,0.47019804,0.5285746,0.6715118,0.6257194,0.55663615,0.49281183,0.604773,0.46365777,0.5242666,0.4865877,0.36572018,0.24542974,0.40740573,0.22164994,0.18772177,0.37357837,0.25266048,0.35164654,0.5648089,0.32564405,0.52031827,0.41234103,0.5483883,0.36432093,89
2023-09-15,0.5713312,0.48653767,0.37488604,0.343193,0.5582046,0.59733963,0.3301737,0.5232434,0.48093748,0.25366658,0.38077313,0.3374922,0.3503645,0.54976004,0.24376616,0.44068363,0.2859611,0.51716775,0.3581855,0.28927168,0.46499267,0.55382174,0.66798604,0.5291606,0.40365225,0.2441504,0.5447028,0.37472075,7
2023-09-16,0.25733012,0.36717784,0.56051934,0.6235011,0.38855392,0.497777,0.7621069,0.787033,0.5388364,0.39071265,0.59853333,0.4060231,0.52013236,0.60727084,0.37072662,0.2163868,0.35757846,0.22505268,0.17843387,0.45800304,0.24276634,0.362804,0.58077335,0.26168925,0.50167173,0.3285518,0.59805393,0.24266088,5
2023-09-17,0.24579458,0.27993542,0.46358117,0.57940274,0.43112713,0.46502814,0.6902545,0.57140946,0.5234292,0.6196046,0.6347704,0.5133914,0.5759625,0.43491843,0.42967722,0.17568222,0.5037656,0.15870504,0.1472227,0.44503117,0.18021771,0.28778702,0.5451955,0.23152435,0.5891774,0.5522411,0.5448783,0.27307624,8
2023-09-18,0.36186305,0.6330053,0.5479988,0.5796757,0.42624164,0.37972227,0.5910972,0.5607079,0.5273242,0.5128656,0.5924428,0.38919038,0.48881617,0.55200374,0.36887217,0.2505136,0.39338022,0.36886737,0.19892305,0.39686006,0.29442674,0.42635372,0.47316235,0.3830707,0.46135318,0.36899164,0.5500735,0.31814945,4
2023-09-19,0.14904477,0.19143727,0.589497,0.77589065,0.31534573,0.30738476,0.83901,0.6740574,0.5766953,0.8369315,0.79553545,0.6631624,0.66848904,0.48936406,0.31355748,0.1304126,0.49545768,0.10889377,0.08862606,0.30331564,0.14168406,0.22090948,0.4367858,0.15510887,0.48481867,0.6838592,0.70632166,0.19669239,1
2023-09-20,0.40079463,0.5175704,0.36502048,0.4705192,0.54097366,0.5766636,0.54948205,0.63755393,0.5386912,0.3791602,0.4443867,0.33788702,0.42505202,0.57624716,0.29076982,0.30597502,0.33922294,0.37619954,0.2470817,0.38621008,0.32147798,0.43176335,0.58442533,0.4052965,0.46975845,0.30952775,0.5534172,0.3516459,173
2023-09-21,0.3154927,0.31197113,0.44958076,0.5089288,0.5172348,0.5613322,0.63600165,0.62861943,0.5670854,0.48692682,0.5354645,0.4310313,0.5273766,0.5379271,0.33774972,0.2551856,0.40434465,0.26208982,0.20687598,0.3501185,0.28796193,0.38866416,0.59334666,0.34364787,0.49220988,0.41946504,0.5421615,0.34775743,49
2023-09-22,0.26120326,0.28134632,0.41973016,0.5825119,0.48215273,0.5577368,0.7571103,0.68077165,0.5516091,0.56199986,0.5857837,0.46628776,0.5685449,0.429611,0.42141175,0.22121085,0.36669442,0.20641913,0.17286246,0.38359734,0.26795414,0.36875013,0.62526554,0.33071625,0.5016113,0.4213858,0.57592773,0.36442897,6
2023-09-23,0.42005208,0.4170606,0.38848943,0.40310842,0.57994413,0.5828744,0.5052664,0.59679085,0.5164748,0.36140543,0.4961538,0.42303208,0.41851443,0.52326006,0.38755152,0.3035975,0.37915033,0.35965398,0.24701266,0.36652452,0.35216713,0.4532239,0.62821347,0.4094469,0.46992213,0.35976267,0.5111738,0.41640034,14
2023-09-24,0.37509233,0.38828826,0.41458148,0.48526013,0.5277198,0.54430485,0.5789192,0.63036746,0.58184034,0.44147536,0.51232505,0.36399746,0.42838553,0.5249924,0.33272135,0.25607452,0.3423954,0.29210687,0.18947491,0.3434806,0.32215643,0.43469888,0.6441433,0.3986216,0.48482493,0.31898195,0.5809546,0.4115768,23
2023-09-25,0.34922498,0.4344685,0.46378526,0.54131067,0.47714746,0.50437444,0.58421373,0.60563713,0.554877,0.41301998,0.5065472,0.41061467,0.483798,0.58116907,0.32998326,0.2858427,0.37092906,0.29859388,0.22915661,0.4306624,0.29209214,0.41426027,0.6011869,0.3679476,0.4682186,0.34602743,0.5436087,0.31070292,124
2023-09-26,0.34080762,0.45355687,0.49230367,0.5390307,0.47695935,0.48390263,0.5785406,0.58815366,0.5684901,0.44432542,0.53195167,0.43241516,0.49438173,0.56316173,0.3412148,0.25735915,0.37688217,0.29922044,0.22275677,0.42083454,0.28501442,0.41932365,0.59373367,0.35999855,0.46861938,0.3461823,0.53270274,0.31941834,190
2023-09-27,0.30721042,0.40314782,0.4912097,0.5580928,0.44033813,0.4753402,0.5850556,0.5895179,0.5169783,0.46639806,0.5493423,0.47171566,0.5423916,0.5350519,0.38244346,0.2542738,0.40039387,0.2804663,0.212337,0.46531585,0.28021133,0.3867269,0.5728931,0.3550089,0.4702918,0.36798602,0.5155316,0.32053062,22
2023-09-28,0.31667238,0.43353042,0.4451493,0.57870984,0.47182888,0.5138495,0.6203202,0.6289615,0.5415795,0.4798746,0.5497633,0.43302047,0.5100727,0.52579916,0.3274337,0.25972378,0.3763157,0.27366644,0.19838792,0.4024919,0.28871483,0.38771376,0.58022404,0.34095037,0.49455848,0.3641082,0.55667675,0.31718603,288
2023-09-29,0.3342559,0.4521083,0.4324994,0.5363694,0.4554159,0.5039837,0.6117482,0.6181114,0.5268141,0.47066596,0.5361833,0.4326556,0.50923055,0.52962786,0.33893424,0.27120224,0.39454478,0.2835319,0.22459374,0.4130652,0.2914923,0.3912331,0.58834076,0.3413103,0.49032226,0.39081398,0.569424,0.31774452,119
2023-09-30,0.39825353,0.4623183,0.41171256,0.50547504,0.50517315,0.5368198,0.58079916,0.6213655,0.5535211,0.3983686,0.47367224,0.36199802,0.44484964,0.52602905,0.3160657,0.31896853,0.3519054,0.34096184,0.27823672,0.41022205,0.3381094,0.43534914,0.61150575,0.40035957,0.4623483,0.3310406,0.5451075,0.37092465,23
2023-10-01,0.29148546,0.34225103,0.47177762,0.51153225,0.4820725,0.51368356,0.64151365,0.6152584,0.5087597,0.4783463,0.5468463,0.4578838,0.51683813,0.45836848,0.36735046,0.26963317,0.42850426,0.23496711,0.19338153,0.3809112,0.2671819,0.3699127,0.6082109,0.36728767,0.47866476,0.43569946,0.5543541,0.38404813,165
2023-10-02,0.3028813,0.41939926,0.4422049,0.49998286,0.5033112,0.5312533,0.5832415,0.5974008,0.5147225,0.41550472,0.5183299,0.42649028,0.49506718,0.5342332,0.37598455,0.27507886,0.39636096,0.27441642,0.19779338,0.43796065,0.27246767,0.37475044,0.61676025,0.36548787,0.4966378,0.3590844,0.56059307,0.32864302,83
2023-10-03,0.29879805,0.40632477,0.4588692,0.55565834,0.43140402,0.4915882,0.61353993,0.6146456,0.5336498,0.46497643,0.5392157,0.44261613,0.5277254,0.54053736,0.3541379,0.25845137,0.3895735,0.261349,0.20315304,0.46163666,0.28701016,0.38008142,0.58742404,0.34144616,0.49067265,0.39099404,0.55665296,0.3097599,222
2023-10-04,0.35786393,0.41250852,0.4642115,0.50597805,0.48152795,0.5166142,0.5466934,0.57439315,0.5375935,0.3995966,0.5129241,0.41759974,0.46994093,0.5734734,0.3530802,0.32623777,0.35951173,0.31971675,0.237208,0.43415457,0.33040586,0.43412772,0.60812306,0.381596,0.46603686,0.33372843,0.54655755,0.31571737,57
2023-10-05,0.3415246,0.3577547,0.6951746,0.5244571,0.4298545,0.43273538,0.43547764,0.5714736,0.4679762,0.38079727,0.5625088,0.5248648,0.5114737,0.7220921,0.38406563,0.25892994,0.5115704,0.21048754,0.14789726,0.49919865,0.2408784,0.40611094,0.60014915,0.26958352,0.45306772,0.3918968,0.5087887,0.29338095,2
2023-10-06,0.2882866,0.3708967,0.5486866,0.5450576,0.4700424,0.50312734,0.6188678,0.6161849,0.55007464,0.44591272,0.5976993,0.46823284,0.5078721,0.50888723,0.35837704,0.26158637,0.40354934,0.25138843,0.18343692,0.36827913,0.2752055,0.40043658,0.6040664,0.34070683,0.4896594,0.38326943,0.5354209,0.33528394,129
2023-10-07,0.24970323,0.28813154,0.54094803,0.5223018,0.4430928,0.46793655,0.6242714,0.5631279,0.53093725,0.5314061,0.6348637,0.54105765,0.5782069,0.43318698,0.42249566,0.22991437,0.47280923,0.20383672,0.18731447,0.3854031,0.23402223,0.3603696,0.5990631,0.29046932,0.49927196,0.48777622,0.50315714,0.31827784,128
2023-10-08,0.2989099,0.36433238,0.48757043,0.5460641,0.46669292,0.499486,0.60149765,0.603725,0.5381609,0.4874065,0.58874583,0.48039922,0.5265133,0.50293106,0.35254616,0.24907114,0.41570178,0.24659763,0.187083,0.39586952,0.278256,0.38340816,0.603229,0.33966818,0.500673,0.41079882,0.54087985,0.33054388,289
2023-10-09,0.27502486,0.32085606,0.52740943,0.5445505,0.47006035,0.48730317,0.6472189,0.604553,0.5532292,0.51468,0.6045042,0.48816028,0.53704387,0.49907944,0.38583097,0.23213463,0.44292167,0.21942621,0.1723797,0.39411393,0.25375432,0.3619577,0.5757018,0.30042833,0.5030528,0.43952715,0.53321767,0.31889236,458
2023-10-10,0.28994885,0.34556046,0.49880746,0.5351567,0.46196812,0.49949393,0.63897806,0.6126016,0.54291064,0.49532104,0.5853873,0.47237056,0.5322119,0.5079851,0.3680583,0.24830166,0.43040287,0.23510762,0.18613407,0.3935287,0.2661383,0.37596795,0.59020257,0.32483408,0.50332165,0.42355874,0.54415786,0.32852483,559
2023-10-11,0.31480232,0.3459702,0.49809152,0.5258377,0.4945435,0.5160051,0.6156849,0.6025242,0.5449372,0.4767158,0.56777126,0.46023598,0.51026595,0.51436335,0.353297,0.26597401,0.42349443,0.24822295,0.2008997,0.3880975,0.28173316,0.39497465,0.58716047,0.33389407,0.49454996,0.4058853,0.5278325,0.3326524,321
2023-10-12,0.28552753,0.32972044,0.5253099,0.5379812,0.48157144,0.5046307,0.6259891,0.6111933,0.5574723,0.48872593,0.58738816,0.48131758,0.52273315,0.50741285,0.37227437,0.253847,0.43949246,0.23043959,0.18308854,0.38965708,0.2655735,0.37563244,0.58107495,0.32037732,0.49755,0.42881685,0.5300423,0.32685062,478
2023-10-13,0.29615593,0.3033627,0.50912786,0.52965695,0.5006035,0.51329756,0.615493,0.59552073,0.5615308,0.49304074,0.5945841,0.49406654,0.5262985,0.4820831,0.3808444,0.25521117,0.44474795,0.22697392,0.18379752,0.38287455,0.26967603,0.3730585,0.5939852,0.32634702,0.50719774,0.45226634,0.5083909,0.32949042,362
2023-10-14,0.26702735,0.30551976,0.5263808,0.5580613,0.47002363,0.48849192,0.65877503,0.60224926,0.55346763,0.5282724,0.6174409,0.5002248,0.55046093,0.47568545,0.39587745,0.23282735,0.4439273,0.20849746,0.17074366,0.39940512,0.2532856,0.35468817,0.5739682,0.3022903,0.50447214,0.44550472,0.51625484,0.31740704,316
2023-10-15,0.2655078,0.3055865,0.55979264,0.5525739,0.47298014,0.49779826,0.66212374,0.60506743,0.57637304,0.5065494,0.61259365,0.48054144,0.52607256,0.49883395,0.40333092,0.2379599,0.45535868,0.21042682,0.17312326,0.40924183,0.25553298,0.36387053,0.5689864,0.29900473,0.51421165,0.44198114,0.518956,0.3233513,321
2023-10-16,0.30590865,0.33360308,0.47979122,0.5213817,0.5062928,0.53361833,0.6089148,0.6027733,0.54796755,0.46966773,0.5584386,0.44591832,0.49799663,0.4863882,0.37689546,0.26321366,0.42108086,0.23839219,0.18727054,0.40093297,0.27344427,0.3821755,0.6099474,0.34568334,0.50203294,0.42090094,0.51263785,0.36715853,331
2023-10-17,0.26412687,0.3025118,0.54774773,0.55294925,0.45957384,0.4865865,0.6449074,0.5975609,0.5524217,0.5211849,0.61853397,0.5027786,0.55035084,0.48663336,0.3993507,0.23371826,0.44873422,0.20772931,0.17004725,0.39949137,0.24601997,0.35897976,0.5793412,0.30387968,0.5043801,0.43968102,0.5292943,0.32054436,982
2023-10-18,0.27000707,0.3248409,0.54114336,0.5572577,0.47600558,0.49897388,0.65303606,0.619169,0.5580634,0.5062873,0.6096379,0.4774216,0.532981,0.5130888,0.38412145,0.22735819,0.4367916,0.21703549,0.16792743,0.40107495,0.25837556,0.36658755,0.58580667,0.3075155,0.5034552,0.41469827,0.53913414,0.32589597,1351
2023-10-19,0.29252896,0.36578307,0.5162135,0.5607361,0.4686716,0.5064757,0.6354675,0.62191623,0.5509123,0.46597403,0.5758417,0.4474704,0.5118848,0.51465946,0.3617555,0.24687001,0.40200996,0.2451734,0.18465257,0.41474265,0.27882004,0.38968506,0.591036,0.33979878,0.48778203,0.3869338,0.53596944,0.34160736,1099
2023-10-20,0.26909685,0.3317761,0.5418412,0.5640443,0.46002787,0.4912245,0.65584,0.6247403,0.5602006,0.49074554,0.6158735,0.4805991,0.5277741,0.50317407,0.37761465,0.235705,0.42216542,0.22410281,0.17384236,0.39160404,0.2598033,0.37140775,0.581969,0.3196706,0.5053802,0.41529197,0.53399295,0.32884076,637
2023-10-21,0.28985643,0.33841863,0.5132169,0.561924,0.47281167,0.50992614,0.6481717,0.6165236,0.5576573,0.49493456,0.5935741,0.46675226,0.52748674,0.49537718,0.36302754,0.25350338,0.42345917,0.22978327,0.1827649,0.38604376,0.26738676,0.38266975,0.58827347,0.3267945,0.50760216,0.4162088,0.5299353,0.3291864,693
2023-10-22,0.3019911,0.35349044,0.48469925,0.5520141,0.47629893,0.51595956,0.633447,0.60781884,0.5482719,0.48333326,0.5719926,0.44310296,0.5114246,0.49997714,0.3603835,0.26110026,0.4101196,0.24047643,0.18807462,0.40982586,0.28098238,0.3838149,0.5940171,0.33659843,0.5158392,0.4068447,0.5413314,0.33529362,790
2023-10-23,0.2876804,0.33976018,0.53580105,0.5667111,0.47362298,0.49922082,0.63398755,0.61640763,0.5610226,0.47464067,0.5850977,0.45485044,0.5147571,0.51926726,0.38535443,0.24154493,0.402663,0.23460335,0.18041559,0.4266475,0.26721132,0.38434198,0.59003705,0.33179018,0.48575556,0.37912327,0.53519684,0.337534,904
2023-10-24,0.30259877,0.3500001,0.49862453,0.5517933,0.47267824,0.51074624,0.63057125,0.6106993,0.5512039,0.47897574,0.5740502,0.452664,0.51380736,0.51062423,0.35180858,0.2620804,0.40858886,0.2514783,0.19635601,0.39178845,0.28343666,0.39230648,0.58610994,0.34024996,0.49499273,0.39452696,0.5349068,0.3356197,1020
2023-10-25,0.3082874,0.38159177,0.49268708,0.54172355,0.47999892,0.51426405,0.6353684,0.61474615,0.54901946,0.45804942,0.56792617,0.44237477,0.50765544,0.5212016,0.3471938,0.2635779,0.39509317,0.2618511,0.20570572,0.3940576,0.2861825,0.40353224,0.59469277,0.34170076,0.4928288,0.38076177,0.54411316,0.32974672,374
2023-10-26,0.29526374,0.34600607,0.48937273,0.54453635,0.48930743,0.5248317,0.6371675,0.6266774,0.55737436,0.4774838,0.5802744,0.44722223,0.50893533,0.5005363,0.3754111,0.24909157,0.4182648,0.22998588,0.18323828,0.40455836,0.27237535,0.37641978,0.5978766,0.3389315,0.5112826,0.4087476,0.5459422,0.3402719,927
2023-10-27,0.3158028,0.3477332,0.50086045,0.5248283,0.50933427,0.52914065,0.6174203,0.62440616,0.5679867,0.4463338,0.56596756,0.43816292,0.48807633,0.5349271,0.3653868,0.2563364,0.4099138,0.2464369,0.1921941,0.4048715,0.28690115,0.39413008,0.60221094,0.34044087,0.49885643,0.38547304,0.5424306,0.3398834,1592
2023-10-28,0.30681136,0.35219765,0.5120346,0.530015,0.5054838,0.5283026,0.62486464,0.6289961,0.5736584,0.4385796,0.57620037,0.43982956,0.48906595,0.5352045,0.3708348,0.24858642,0.41638643,0.24166064,0.18644655,0.40752977,0.28365153,0.39146116,0.59651476,0.34111872,0.5037732,0.3863562,0.5421059,0.33617648,1966
2023-10-29,0.30202746,0.3508172,0.51244074,0.5389116,0.48800117,0.5156844,0.627524,0.6255143,0.557128,0.45417967,0.58772385,0.44857633,0.49709705,0.5170629,0.36864695,0.24890764,0.4084751,0.24269685,0.18429646,0.39877033,0.2802833,0.38885117,0.59972733,0.3384078,0.5005406,0.38958183,0.5467885,0.34032348,1787
2023-10-30,0.2907359,0.33333415,0.5204217,0.54031086,0.49405542,0.5146123,0.63255453,0.6267526,0.56512094,0.46890992,0.59638834,0.4599362,0.5090718,0.51650417,0.3807532,0.2421129,0.42303553,0.22599338,0.17433417,0.40184733,0.26604816,0.37781543,0.5960091,0.32717443,0.5052402,0.40168983,0.5464807,0.33247203,3236
2023-10-31,0.29286283,0.33921134,0.5170555,0.54145646,0.4856174,0.507147,0.6276143,0.61340487,0.55596,0.48220995,0.5986764,0.47414732,0.51999897,0.50511825,0.37293014,0.24410324,0.4236451,0.2321054,0.18126261,0.392836,0.2700748,0.3817023,0.5928315,0.3274537,0.50300634,0.41180095,0.5341699,0.3332613,2978
2023-11-01,0.2984213,0.33532596,0.5223119,0.53483063,0.48844543,0.5089165,0.6240064,0.6175093,0.5571099,0.47101864,0.5975572,0.46783793,0.50864565,0.5108429,0.3786525,0.24574266,0.425066,0.23403703,0.18289949,0.39499748,0.27072886,0.38393423,0.5973323,0.32695302,0.50092316,0.40775684,0.53960866,0.33364788,3156
2023-11-02,0.3038298,0.34444505,0.5075219,0.53788537,0.49274832,0.52062964,0.6291334,0.62870765,0.56085914,0.45867047,0.5859104,0.44942454,0.49833024,0.5184052,0.36995247,0.2455604,0.4121437,0.23727141,0.1841581,0.4004469,0.27438176,0.3860498,0.59899366,0.33539742,0.5031775,0.39122978,0.5468128,0.34084395,3916
2023-11-03,0.2984964,0.33431858,0.51075894,0.5359965,0.49455455,0.5185767,0.62758994,0.62591875,0.56532025,0.46973398,0.59346575,0.45596024,0.5047149,0.516252,0.37513214,0.24288902,0.42387885,0.23200747,0.18040557,0.3952077,0.27135918,0.3820694,0.5965109,0.3257539,0.5091955,0.40641236,0.537338,0.33468482,3306
2023-11-04,0.29883707,0.33597332,0.5093979,0.5351669,0.49604604,0.51934284,0.6274374,0.62263906,0.5623217,0.47049943,0.58655113,0.45610145,0.50572497,0.51695937,0.3739384,0.24598937,0.42019913,0.23464228,0.18179557,0.39877534,0.27393013,0.3824401,0.59576905,0.33023736,0.5037747,0.4035847,0.542766,0.33699334,2318
2023-11-05,0.29497296,0.3358825,0.5165397,0.54015803,0.4876153,0.5113839,0.63580364,0.62424886,0.56264794,0.47726604,0.59241533,0.46108702,0.511477,0.51811844,0.37403446,0.24187683,0.4291778,0.22902998,0.1787777,0.39932603,0.26651475,0.3769461,0.588921,0.3199924,0.50627834,0.40954417,0.5457839,0.32876945,3406
2023-11-06,0.29672268,0.32957798,0.50932497,0.53324836,0.4980857,0.527606,0.6392132,0.63339347,0.5700148,0.47066918,0.59477717,0.45189548,0.4997343,0.5104241,0.37241086,0.24351624,0.4239788,0.23060606,0.18029472,0.38507146,0.27147713,0.3820492,0.59167343,0.32903513,0.51101595,0.40964198,0.5404345,0.34284452,4645
2023-11-07,0.27670124,0.30663452,0.5269278,0.541959,0.49212334,0.52252156,0.6629238,0.6330569,0.57804364,0.49693075,0.6140288,0.4658507,0.5151519,0.49437863,0.38405263,0.23159358,0.43793672,0.21630754,0.17233075,0.3728214,0.2606278,0.37180778,0.58156306,0.31505892,0.51977235,0.4329862,0.53285235,0.34663802,8471
