Date,confusion,neutral,disapproval,annoyance,approval,joy,realization,disappointment,nervousness,curiosity,anger,fear,optimism,relief,excitement,caring,disgust,sadness,embarrassment,surprise,amusement,desire,admiration,love,pride,gratitude,grief,remorse
2023-09-07,0.06478957747426498,0.5518003410076374,0.053145179037608535,0.027315692405554128,0.08560508905377771,0.007217928513585191,0.026862958727588693,0.015104834564736339,0.0016825932140748661,0.08824253512020633,0.014182098433093916,0.0030112709942181686,0.019886447700088496,0.0015752036127666073,0.004705456206076113,0.0048337668637171965,0.004701292859953265,0.023087010235950393,0.005829243861736249,0.0049999914580449506,0.040925327534940874,0.004216065627118511,0.04516103733292586,0.019545288063754624,0.0015758485641237093,0.011229866191170404,0.0011894575191935483,0.019084633121095537
2023-09-08,0.09249426069145557,0.516753540514037,0.061006371199619026,0.03292504189303145,0.09470142401987687,0.0065687868933309804,0.027874795615207403,0.01370388373034075,0.0020844436634433806,0.0663738956922316,0.005963323780451901,0.00687240146289696,0.025414976602769458,0.0014251714765123324,0.015105491606664145,0.020557330630981595,0.003822657083219383,0.026262389288604027,0.002117374852969078,0.012498637747921749,0.012579885014565662,0.004987875078222714,0.04296746889012866,0.04937506506612408,0.0009016603733471129,0.0014876202971208841,0.0013296329638251337,0.017890070324028784
2023-09-09,0.018516794177948645,0.4042342073823276,0.0323419835982158,0.16373796069896535,0.04568314204286588,0.0428233358558684,0.022913523018360138,0.01920075508716859,0.0014923980052117258,0.06430115307509703,0.12421621104065132,0.004730054860517971,0.04195132323442713,0.003629280153147288,0.0035681889367927063,0.008321288495177501,0.008977827652798672,0.05378790478540683,0.0028520101362741307,0.033348983121533435,0.05030299298232421,0.005049469157759296,0.006464500047609602,0.0019357170156007143,0.0011804596808935074,0.0013229000285623204,0.002075427966988891,0.001597133065316532
2023-09-10,0.022050697622874465,0.6302847481117799,0.03364381018820076,0.025069008984316427,0.07324381986221012,0.005302446109663623,0.039983990718610585,0.009285612328452632,0.0024846723417095537,0.016823810149127476,0.02475333016123981,0.01997388077199083,0.005346186727715226,0.0012776927105733193,0.012015528825241536,0.01886894498714425,0.016050497308382407,0.004160331208437968,0.002537741650974987,0.045537625176411196,0.03268967949239036,0.0016504287318989204,0.051481057468873374,0.016401892206116687,0.0009245772947066983,0.0019288016908551352,0.0008153243820393422,0.0008692416511341714
2023-09-11,0.04610996833217241,0.44842783678089226,0.05335957409763342,0.06037389580793601,0.08001249305568792,0.005197877462546119,0.04304525191276081,0.03363592436008163,0.00623488220776856,0.04613025340195122,0.04135094080268888,0.034170570287577785,0.03404733233707158,0.0022498634016111098,0.009298714733376678,0.011774041469644357,0.030855051216486233,0.08136522477233557,0.0044310779948733454,0.024076031565166443,0.008868448907766632,0.0075742436493026035,0.022618097521775796,0.0028677949109299802,0.0011085591050462552,0.010942642877042044,0.0036593251815966866,0.011204642217745614
2023-09-12,0.07348405692429313,0.5149376651207949,0.022866805947128813,0.05149136596070281,0.033934728676003625,0.004614300021283521,0.021634256338764882,0.040467280962761365,0.002101327529466101,0.08418866751739627,0.05858573010632897,0.011805091946433973,0.007562009730087272,0.0016296213474686675,0.010007389371508154,0.007402525225188583,0.013805543327431098,0.021241793517376584,0.002995703006082953,0.03385222093844465,0.0035573266595120318,0.0022706173858123607,0.007913610295810062,0.03445135237115178,0.0007789268478016561,0.03188252322383803,0.001570872227853999,0.0011405169096743238
2023-09-13,0.05297907434701246,0.5062746190724065,0.0705377020331728,0.09533162424004221,0.08458571126179612,0.006440823933485536,0.03772166480467352,0.022908647764889323,0.0013844949215740324,0.0491647994849152,0.052073334417016955,0.01172732190069103,0.01539577816960862,0.00291212097705196,0.003734820969094219,0.005025300700834627,0.01829555467562189,0.01733306543382603,0.004267135336967073,0.013094874866466677,0.012991060220905725,0.020208372055631446,0.01867683089607541,0.0027995505717341752,0.0038088684559186795,0.015746910378010102,0.001166068650578732,0.001228515213041241
2023-09-14,0.05551203694246877,0.3238592834389779,0.15597665134367397,0.11997134913428781,0.13692006431101414,0.01077796805099312,0.033560171864633816,0.0220036809515794,0.001794783808905736,0.06458183117223945,0.05542528457950089,0.011799108188303731,0.018541943149777192,0.0015400330046534518,0.0031027652805911774,0.013669840637672943,0.033916406687924616,0.008371238807985413,0.004521484082902185,0.003824408829285439,0.03701651973775431,0.0067489283895800205,0.03765992371475303,0.02587282927405989,0.0010490475378697084,0.03236252059033494,0.0007935136424513596,0.009890345882871607
2023-09-15,0.002985457457335932,0.4722798912386809,0.007103064097464085,0.006901703242744718,0.044012936763465405,0.06703878154179879,0.009489634539932013,0.004862889148561018,0.0008521476556779817,0.001931404511976455,0.0022018638140122804,0.001175449013576976,0.007795269700831601,0.004439050560384723,0.004834629162879927,0.06313550537951025,0.0016897422111859278,0.003780283432986055,0.0008336265579730805,0.0015683551069482096,0.09999117558722251,0.0022308698971755803,0.2768071444838175,0.05844906098874552,0.0018012253858614713,0.0129874265320333,0.0008094352961052209,0.0016421051051500918
2023-09-16,0.15193430269137026,0.6508571326732635,0.007932390598580242,0.04183354303240776,0.024969065189361574,0.0011278501362539828,0.031225495412945746,0.004566741222515702,0.0007323427504161373,0.20057700173929333,0.005707627208903432,0.0015945318969897925,0.004221571004018187,0.00033117048151325433,0.0018034138774964958,0.001689048740081489,0.0026044041384011506,0.0017641882877796888,0.0010966376401484012,0.0072364302759524435,0.002220170712098479,0.0013414560235105455,0.001837471837643534,0.0013065178354736418,0.00019094521121587604,0.0006615678314119578,0.00036892218631692233,0.00044401061022654177
2023-09-17,0.011944912155740894,0.7387549318373203,0.014175486139720306,0.026836781500605866,0.03513294272124767,0.0025201346070389263,0.029401489766314626,0.016142399079399183,0.004111154379643267,0.003308891085907817,0.01258557085384382,0.09250849912496051,0.003850106237223372,0.0011208142204850446,0.0027603782200458227,0.005410998193838168,0.0073353805200895295,0.04024801548803225,0.0020373130464577116,0.0020885430167254526,0.0033934181119548157,0.004283342692360748,0.0038054775577620603,0.002956837401143275,0.0006224797434697393,0.0009723804978420958,0.0016956186555034947,0.0012629943739739247
2023-09-18,0.00395648367702961,0.402549859136343,0.10690380213782191,0.10672839172184467,0.02534338040277362,0.21238475723657757,0.01095982559490949,0.07923856255365536,0.0008268233723356389,0.0018808628374245018,0.0078988530440256,0.0010364393165218644,0.003225095948437229,0.0038741350290365517,0.004613746117684059,0.0035071636084467173,0.009002216378576122,0.004142419784329832,0.004296989252907224,0.0012011005455860868,0.14368502679280937,0.0013744537282036617,0.0077186363050714135,0.0027287669508950785,0.0009938132570823655,0.0019700697594089434,0.0005576221956289373,0.0008102154824882746
2023-09-19,0.17593836784362793,0.42891088128089905,0.10139233618974686,0.04146292433142662,0.01620844379067421,0.0006073383265174925,0.014229681342840195,0.053984299302101135,0.0014998356346040964,0.2799520492553711,0.0037574535235762596,0.00285774446092546,0.002078098012134433,0.00035557959927245975,0.0019678007811307907,0.0008934719953685999,0.013039358891546726,0.006364770699292421,0.0058705066330730915,0.01628017984330654,0.0015115243149921298,0.0013752280501648784,0.004069298971444368,0.0009603945072740316,0.0001515133335487917,0.0002156169357476756,0.0008008280419744551,0.0007817671867087483
2023-09-20,0.04464120046044511,0.4493383190128952,0.039345403671576885,0.05063232092854346,0.07856973635188891,0.03196438794536381,0.023925096633698725,0.020677839384974125,0.0016114199624902897,0.04393135885539131,0.017392132245206054,0.012066401138489884,0.008317194333989066,0.0017694719007906284,0.008598498460053429,0.007011013995113142,0.005820504451612,0.014113893978549383,0.0025478790040939477,0.0081492789993749,0.14813308602177425,0.002081599416590775,0.0863099846540751,0.05085565172562462,0.0012672283695992204,0.024233990736646213,0.0009361795519681841,0.006416206334659028
2023-09-21,0.06432970401199002,0.5321903774628833,0.06603138998141322,0.07569416905563249,0.08695184325381201,0.004835369696184917,0.037490019451218604,0.02532798640087855,0.0017113874764989453,0.07412331600492934,0.012478001544023959,0.003623170523942277,0.009799165368479277,0.0014220220431785233,0.0042454233222013835,0.00871198828455669,0.009047903786936052,0.018871802824777455,0.005118286455102379,0.015363927124892552,0.013342042973298314,0.0022684863663981762,0.004269396080825554,0.03606160477068684,0.0005952202787293758,0.001232350134048421,0.0010870407963271386,0.028025610366484568
2023-09-22,0.06212375538113216,0.5733714054028193,0.12204165135820706,0.021227382045860093,0.042146622048070036,0.001711226490442641,0.02274606260471046,0.008793979533948004,0.01168306341181354,0.09434085279159869,0.0031941081009184322,0.122034964345706,0.008797089123011878,0.0008960140063815439,0.0021832182101206854,0.003963513716977711,0.0033365095926759145,0.0035464114043861628,0.0014050401805434376,0.0026134034463514886,0.0018926202416575204,0.0018295390764251351,0.03034570429008454,0.0011501844855956733,0.00044481900355701026,0.000921897687173138,0.0006758853996871039,0.0005873925062284494
2023-09-23,0.0362856641711135,0.6430894282114293,0.01623190179400678,0.011656272092035838,0.06658801070547529,0.0025525726835309926,0.0131612160309617,0.013035028965012836,0.005902075241985065,0.04696603711428387,0.003254273606996451,0.04459201414803309,0.04082986551137375,0.0007419072748494468,0.0030864398244635333,0.0048853803143304375,0.003991407466985818,0.038667094769022824,0.0013549987654966702,0.0030925446148363073,0.003032859298400581,0.0108056982488571,0.13841954440743262,0.0033038021938409656,0.0007931730589396986,0.001971764350725737,0.0018150391738994845,0.001824766387081971
2023-09-24,0.08517533103915174,0.45805148383521516,0.08572929916376977,0.06683483431318207,0.08000798385752284,0.010845314796113045,0.031417341619406056,0.022015275661428663,0.003474252913450903,0.06660798638957836,0.014646430208813399,0.0236079096591667,0.010966327274218202,0.001590850250542407,0.005394055668780904,0.003677531950297239,0.009273451064591822,0.009268703865413756,0.003477085028071483,0.03901749485141962,0.0805483500716155,0.002100940216737597,0.05416672914693861,0.0025423807142626333,0.0009385841761325972,0.0017991190100513884,0.0008641951110052025,0.02363553465060566
2023-09-25,0.020834036809608204,0.5083206627563003,0.02446462109500933,0.06034744729103911,0.08289476057829996,0.021516119261861838,0.027655813518175556,0.012852759562402723,0.0023482799947340672,0.04681309617937528,0.037584315850718635,0.017859245768997955,0.007672001660290745,0.0028519108159783964,0.034994441885388486,0.01178003851166596,0.007151200458118241,0.013151283827967071,0.0025064733167856766,0.024487982254340162,0.04067545143357899,0.010542193511707498,0.022399918171070187,0.04453448867430017,0.0014279214907630025,0.012433760491295553,0.0009483376988716754,0.0028577809836508915
2023-09-26,0.020199428799586666,0.5465204120711669,0.0397760980422486,0.06390893821555534,0.04283577143092101,0.018548945699646872,0.03453800360132989,0.026396954157634784,0.002189443567400112,0.02540801097960579,0.03711729810686512,0.01803736196980983,0.012870848379220421,0.0015227168742536666,0.015627876190793408,0.0074828826983177445,0.0134352670403467,0.016288194198645405,0.004152881573367937,0.016480708069866522,0.0712323097986978,0.0033981191804693814,0.045266707473446764,0.026494646777159927,0.0017053296070355971,0.0016358523189984751,0.0009263674905493022,0.001323935272950238
2023-09-27,0.015051211055833846,0.5656348927454515,0.05161136680875312,0.09492406505160034,0.06844996222802861,0.004724161326356063,0.014706067328171974,0.019255833779673347,0.008033609254529107,0.03350539111521688,0.03515014874177392,0.045748642430143344,0.044776089817539534,0.0008092449034765278,0.002868571829325943,0.0027917156562166797,0.012365175321147863,0.010020298846277663,0.003726534389319237,0.0024177122660065916,0.04363712385317988,0.005299063735451041,0.008420646087457002,0.001913468455313705,0.0006379632111268372,0.0015495957830518653,0.0010150957056215373,0.0009242068865040147
2023-09-28,0.03862272002233011,0.5430112052336982,0.03719104380272458,0.07412378782222125,0.04769255645159218,0.011468543611145934,0.02258606870357956,0.02331175114482499,0.0012649059310408323,0.05266241815651382,0.043791456698980054,0.003919380178255476,0.013115596083581395,0.0011966054875958637,0.005257323326885752,0.006708918933226313,0.008889545016750667,0.023768429332550214,0.006475333430797845,0.015656488153985668,0.07398756755032486,0.007585600739629526,0.038522312566379294,0.01561663407665037,0.0008677910666771519,0.007377491855853198,0.0010683001076661942,0.0012970934804393942
2023-09-29,0.03206425889575181,0.5967410923834858,0.027011351294995545,0.04959937906824052,0.04018972402422869,0.010244285647694742,0.025797030667406545,0.02841688467369673,0.002838652999680333,0.04445181389098611,0.02350677770172136,0.01282538112547413,0.013167840989204828,0.0011250431613435091,0.007439816345415712,0.0062439191192310275,0.00862436496237872,0.05021648493325416,0.004445393434275693,0.009579031282846089,0.07001762678494536,0.0028900078472391772,0.03137333009307891,0.012075613964028155,0.0007888676202831548,0.0015244650759170723,0.002249177813724646,0.0014416954902973136
2023-09-30,0.03428287187884764,0.6160702792036793,0.021452796701139407,0.03162727065627342,0.06368360678543863,0.01532818369678748,0.025095815416020545,0.005006661653802123,0.001030498414563582,0.03366377233380816,0.020320558905318056,0.004205691321935181,0.005768294919423921,0.0019010642578865848,0.0035716865803924916,0.003400129967105939,0.004264946184222303,0.004076603045889541,0.0017311635038704085,0.0026917431589580424,0.10097606968812887,0.0016995550452164657,0.07818882259965429,0.008823185622611123,0.0009124656555840098,0.0018843352926247146,0.0006410066245893097,0.0007704832659447161
2023-10-01,0.07314537422710353,0.5185516829461311,0.04482369317786034,0.03257980699735609,0.07309885632782949,0.015607920751525936,0.03342586387456818,0.023841313742609185,0.0030505510212881773,0.0889961218410242,0.017467104552391297,0.023836110006650965,0.010085848939717946,0.004302122263206085,0.0033570086451205003,0.006522965562974357,0.010975770269887466,0.05297488571871354,0.0032052866013889962,0.0068126483920919285,0.025973920726612434,0.007071164620433454,0.02621361503631554,0.005996714718463463,0.0013508995034058127,0.021038762583559606,0.003269486884748789,0.01114352264103769
2023-10-02,0.05749738826879289,0.457502762607512,0.03586837608179257,0.0562926492042256,0.06652936958763973,0.031165270314689342,0.029456092487930893,0.012044346072228557,0.006992289386212781,0.04407764725100967,0.02221558764801327,0.04913284668540414,0.005995443220536438,0.0022408583395025997,0.027201142149461233,0.008518504104380641,0.01289004648906594,0.021797322415668202,0.003836630058477644,0.023711411913938215,0.09802171969239275,0.00288482961183167,0.02930895855835448,0.0032081478093021424,0.0016850760403031018,0.01438583992789808,0.0019358237409341451,0.013865087926808566
2023-10-03,0.041618373277906524,0.5355447730854959,0.045693197215252834,0.06286251631372415,0.06256229156598885,0.017911416428637698,0.026239443961572875,0.027495631546165945,0.0021343722980525053,0.044966648557673836,0.02827422774941157,0.0036938413277557876,0.016733698446989513,0.001658590386337433,0.010333466282358754,0.011694982677130742,0.007547075375925061,0.030587562027010805,0.011032722311577894,0.021764519998697808,0.037918442013350456,0.009568277538254823,0.03794944984628609,0.013000314074504474,0.001098730671622655,0.005880196546550488,0.0014580670664997284,0.002397237596891795
2023-10-04,0.022252818438829036,0.6035268912255242,0.030342942763430376,0.06555859420424033,0.05079111933152665,0.01996808207702104,0.020823011428052395,0.017161389894522074,0.0009045133138945522,0.017980782393766402,0.06713651622576117,0.0021122917441014004,0.022878010873682797,0.001679528359346206,0.01587769980981472,0.0030407131125684828,0.006408153973895599,0.006919303376905685,0.002759203218789608,0.004475025294181123,0.032173405265590795,0.0027254173907925163,0.0714576389975519,0.0037637968463904896,0.006469533579723232,0.035571319812637135,0.0007863291582652254,0.0007510137044224202
2023-10-05,0.002577929524704814,0.667361855506897,0.0028790298383682966,0.005541055696085095,0.30721116648055613,0.002284279209561646,0.010773394722491503,0.0021421234705485404,0.000399053176806774,0.0016257207025773823,0.0028398215072229505,0.0013828820665366948,0.009350737847853452,0.0007651864434592426,0.0025102689396589994,0.0019392742542549968,0.001615626155398786,0.001869651721790433,0.0005409012592281215,0.00100558644044213,0.0018653674342203885,0.001385565206874162,0.006156421615742147,0.0012753648334182799,0.000528620759723708,0.0019549274002201855,0.0003985460425610654,0.0003686571872094646
2023-10-06,0.04098056689448034,0.43736112180577463,0.04810122394656344,0.08069753601728369,0.07283806723593049,0.03106259637446388,0.02117542861852535,0.015345695084718945,0.00230225154045065,0.08507315866543565,0.05076139772494952,0.014296898790256142,0.008918714342285092,0.002225798316360379,0.02142052129479558,0.013017590536488682,0.018413606375932347,0.015504004888131839,0.003237545780287947,0.009527921535854423,0.08498815384417296,0.003550294896789877,0.044594061708478475,0.006785882553428614,0.0010068434187201622,0.014819502649565278,0.0009025002017756202,0.012469787462528744
2023-10-07,0.048110125840594264,0.5213061242975527,0.0619453064928166,0.06675739011370752,0.07243594891406246,0.004108598509446892,0.017607484456675593,0.0215950073361455,0.005359670009738693,0.06169393421919267,0.043658677037001326,0.057935684250878694,0.01793780743901152,0.0012997085646020423,0.0037182600513006037,0.01677665859779154,0.016638467165194015,0.03867877713219059,0.002243083038365512,0.011729214575325386,0.02846389039677888,0.003543489978483194,0.007666922983389668,0.006233344210158975,0.0006984901142743638,0.012531412635439665,0.001896505614013222,0.005480700614043599
2023-10-08,0.03879624527555191,0.564630242515755,0.05916543430197584,0.06304289644042668,0.061473097123695496,0.009834307564340313,0.027414012275745765,0.022226149072084304,0.0018076352147904312,0.04956285617980747,0.038709837105648855,0.007324643168541213,0.02482511660093796,0.0015324561406131576,0.0051986413972998505,0.011791114392750783,0.017517272199892398,0.02354135250768972,0.0032579547143138455,0.020432016892829155,0.024143036766699596,0.008171037652176905,0.014272126493045809,0.013695800992552269,0.0008926720664298499,0.011549156027439994,0.0012852085819633058,0.0049542870859846724
2023-10-09,0.05843638835625324,0.4655134498719207,0.07320568121727719,0.09499785287344348,0.06729672855227845,0.007478474091149268,0.024809536783382557,0.02581293531922282,0.004279973112541357,0.06959798685264851,0.06686812535365007,0.014790913881473477,0.014162020600201587,0.0018764156366994056,0.01075287886675245,0.008533644779075922,0.016565688601318813,0.025937748048429105,0.003123108060021659,0.011233137162782528,0.03288955144534868,0.011572678501114826,0.024126684992151197,0.005431962141936938,0.0010889475273092198,0.00817109132007651,0.0013528112781843614,0.005941787458919766
2023-10-10,0.049664429819302164,0.5322585278932065,0.05702270774798857,0.07656847148190697,0.07072918343212796,0.007358126117535892,0.025820099460444213,0.022988901104030828,0.0024900366479544676,0.05914419394841148,0.04017107101463028,0.018151923265045323,0.014225683438992344,0.0013864099618362152,0.005746166868329428,0.007218585690925579,0.017112783577325645,0.031612483053472334,0.0061966274597986945,0.010681696886414151,0.024619252397428886,0.006283045903098985,0.024057713507179817,0.006267878032268203,0.0009194075067110872,0.014452504208103702,0.0017457740469842987,0.005725775097109659
2023-10-11,0.04585363805737213,0.5429887662923132,0.06817954719121745,0.06888050261255342,0.0825559314807465,0.004220127740786396,0.02705296815149602,0.023439945987094993,0.0013551346847433538,0.059669491994329596,0.027229483934852652,0.005863998198411732,0.030616288593784555,0.00125759773698383,0.007540304936280741,0.015056301358303149,0.008459370908424595,0.015420195056710138,0.004150840897024957,0.012766625651399927,0.022901836362365646,0.007814414223664762,0.027597315755427593,0.010090030674554983,0.0009014208372942544,0.016365505114323393,0.0010651086122606304,0.0012726302258352998
2023-10-12,0.04452538139582076,0.4807028601751721,0.060059852045342116,0.08521786113620335,0.07744173481271341,0.011439394593839417,0.021744833954719038,0.027189913916715252,0.0017330378253227461,0.06795859168324801,0.056388949161194746,0.009775299613671396,0.01797468792164901,0.0028077202335389227,0.008459083448192416,0.012769551279603417,0.015006515986547186,0.030884524652803565,0.0029061990590665246,0.013456019921063652,0.033282346116580076,0.011043144433642738,0.022299062379681656,0.0041224346483378594,0.0012237976673886008,0.02099696363895502,0.0016654876402236334,0.008378323225739703
2023-10-13,0.04985441923122506,0.4541809080034824,0.06037597040110654,0.09324316084526417,0.07890929255920118,0.0131704461146905,0.022047331056284886,0.029277390094206397,0.002031392440761347,0.06233578501880241,0.05380130312547026,0.00968664046931685,0.02380628463039072,0.0017714668517142473,0.00508068443331623,0.01990948966495276,0.027645402922724677,0.030918612850052356,0.0036061238497093664,0.016600636231884403,0.014951855577599227,0.011468513320439407,0.041036531171737015,0.007934346661944128,0.0011414961053012838,0.0179952893733611,0.0015547513354068638,0.004853651148354884
2023-10-14,0.0458897025269328,0.4960654942419003,0.058255247924995576,0.08821407209233015,0.07891687005905647,0.007661225869728523,0.034997094983288055,0.029290334158171782,0.0023982484464933713,0.06271829982787368,0.048430952587963635,0.007215801358430741,0.0248643785617108,0.0016619669480906517,0.005660086303589795,0.01851086147719717,0.01732309813529424,0.029576581909801645,0.0030579070977482035,0.009201140601178366,0.0184770659816192,0.012862988511878478,0.02503551929489904,0.003394071588134673,0.0009741483922362367,0.010930248461199535,0.001291604722920758,0.007495051524529117
2023-10-15,0.05406805454021482,0.46723170456334345,0.0684971180642923,0.08535872410469314,0.09991855442602292,0.010465106156921576,0.02773517882741547,0.023964097584645638,0.0018891719825838902,0.0765848893473125,0.051419208939364934,0.004846120281991799,0.025812136818077473,0.0021984184143511356,0.003268710088519368,0.010840715845445508,0.00968485663324374,0.022862112025474272,0.003969240536765672,0.007941825901150175,0.03689910378270838,0.008984906371716247,0.016910200333113946,0.005047496883496004,0.0009286519660723411,0.02353444869043973,0.0011413660673537027,0.011724069972808698
2023-10-16,0.04586386791197583,0.48136479851685665,0.06196589056128816,0.07728228169659383,0.09058832714412914,0.010713582449582803,0.03959686807047272,0.02482418097299594,0.005690164371738119,0.054559437596391085,0.03163579185342056,0.01506192974226227,0.023381972386504545,0.002373564819884634,0.005586667179433893,0.013879657424497488,0.013539911763217817,0.023698859309089677,0.002544750154649366,0.008789600942317633,0.02538957767465695,0.008787226335643552,0.03422724842711132,0.011549202595247249,0.0010531851873986156,0.025047149055576222,0.001276682037306215,0.003904632233425108
2023-10-17,0.04389190426818996,0.5044614670692911,0.05933556069714556,0.08412404787191333,0.07612902824122027,0.009842999900252341,0.02655887275805238,0.02158215482971278,0.0036282431747593756,0.06293732869306526,0.056327003047474594,0.015510288779731686,0.02146549075033398,0.0017523832174615869,0.005363379034952046,0.014068173762833388,0.013685583311658022,0.02853549473776478,0.004155037251806485,0.013241918999190791,0.02300642864298988,0.009439061447985607,0.026735764757629062,0.004244181779905577,0.0009233963924172394,0.014962059666165895,0.0014670989731988323,0.008356194835628442
2023-10-18,0.0601833046429124,0.5197722995874343,0.06258781062477688,0.08400883987341917,0.07550602731226684,0.007959878688837903,0.027658624657954357,0.025109363020510433,0.0018788649133412783,0.06833489984469947,0.04746624387113576,0.009581190976202227,0.017657692210082183,0.001389943655099843,0.005438687967907377,0.010297649185569422,0.012730985614710689,0.020547499783339872,0.00596330491648644,0.014865060737232458,0.03307614171376254,0.004164349273013311,0.018369083708486687,0.004712462069964857,0.0008252598303648937,0.006978772785406019,0.0010575970808687075,0.005976396399832949
2023-10-19,0.05190735608528392,0.5201587890888361,0.055598289813648054,0.08084062227616604,0.07939338907569789,0.009862545298796327,0.024126347592392863,0.025910814197128512,0.001725588163703208,0.06482048028989147,0.037522794812819935,0.0070489209520400034,0.018214025535960566,0.0014389058746518996,0.008469165947016674,0.008759389190695306,0.010246313262242084,0.01806196068520861,0.005811419934735594,0.01059403984798004,0.04893046846413931,0.005848724241334575,0.025625255296832617,0.007248090934965952,0.001092189620960018,0.012322154290564144,0.0010103578601604827,0.004948728949085416
2023-10-20,0.052578196402224664,0.49310276356965793,0.06046854944101402,0.0907246545545634,0.082318174187825,0.008776580767371228,0.02869808227350143,0.021085158108698505,0.0015372906787228862,0.06626300594006049,0.04461691631578067,0.007813008738017541,0.01710715654029787,0.0013779724243448263,0.008608377866759118,0.01053690526931798,0.013963504005824778,0.019745977337900154,0.005951263948140927,0.017230973016467747,0.030186941161140613,0.006693600522159793,0.02725381457708846,0.007103561876701546,0.0016671765471663413,0.01552972228980325,0.0011137233156304415,0.007510301172878597
2023-10-21,0.055818908568253285,0.5163798662074566,0.05667742944915858,0.08180808590544981,0.0856305644454362,0.005708791293129244,0.030796527284671905,0.02308981063428656,0.0019322269394406498,0.0688136622949633,0.04238153715337584,0.007596681705957566,0.017516036074095194,0.0016992692390252187,0.004886441836439336,0.010250987827283644,0.014938304781921149,0.019550870731111798,0.005394573053409759,0.011164603204278088,0.032761439972343445,0.005108517820536647,0.022180373633356325,0.004431740171616207,0.0009279094018897312,0.017766490523667026,0.0010940696358997214,0.005197459147043387
2023-10-22,0.05428376878233025,0.5011274789837248,0.06207967531599128,0.07935957883844223,0.07166833662209868,0.016435023259203527,0.028882787620082874,0.02637907144572303,0.0033904850073368732,0.05719979254337679,0.04477807842552385,0.015999327043603365,0.019270160478757858,0.0034915813659424626,0.0066246470080576604,0.009745673879927991,0.01359208327161054,0.021418892787629443,0.005089515789954988,0.014170284503245655,0.04317798846212652,0.004931543580450919,0.0237544044325809,0.007515200652654395,0.0012463129820067089,0.011075664145249027,0.0012533364165058548,0.004692153186458855
2023-10-23,0.05521642078177548,0.49637373613679897,0.06412814194758926,0.08984987064320347,0.0815849584949448,0.010357660138112878,0.02564826296731022,0.023280732080225,0.001962534677031485,0.06269191426999735,0.05422354159365198,0.012338779492852838,0.014234588520183635,0.00168340238445858,0.005893693499330718,0.01093467283067788,0.013607696449385124,0.011653958284379802,0.004167245108608736,0.01305638577246784,0.03854276024571242,0.005756768061264585,0.030920142365892033,0.00979889899936419,0.0010838479394073774,0.010254304118051252,0.0008543336435787244,0.002841188704328528
2023-10-24,0.048872140905501404,0.5068165795023863,0.052833077737687195,0.08160378574142597,0.07895247066911656,0.01715987072692609,0.025105744846251922,0.02287272880819407,0.001741602165502092,0.059773410491099785,0.049109194539207736,0.0071481450780708,0.020061429864361737,0.003057567639146274,0.005061947349424693,0.011655541445732382,0.011239322076132749,0.023520862344822473,0.005038777764118505,0.012330979434416661,0.03871313237677004,0.00903236478434159,0.027766668429602778,0.013536701363359587,0.0015093683178694097,0.011629730425892036,0.0011573601459674012,0.0038147036230500317
2023-10-25,0.05091169692453291,0.5664121384289176,0.053170761100345236,0.07851555991736066,0.06796301009736079,0.01666547833759161,0.027053818507568245,0.018411845230885886,0.001231606347826596,0.053883258797281876,0.046353706553077856,0.004606901239469911,0.011066016616588608,0.0013980347286370698,0.00784958979414644,0.007037641425003213,0.009684662709235497,0.01269717473956323,0.0025029642631008444,0.009637582367569343,0.03944538595327014,0.006311703284777188,0.02165190073198335,0.010029355489152713,0.0008801311054470872,0.0017226363066428236,0.0008131401606117634,0.0031229526832569666
2023-10-26,0.05667159208418056,0.5290144246424214,0.06555506319110005,0.06820073463610436,0.08032800587187516,0.011272795326856318,0.03283837234084982,0.023556924046684326,0.002102319329412289,0.0675726536288217,0.033630085135774916,0.0074264019666924795,0.01788993136446919,0.0023052131716419914,0.0062552567542297766,0.011218451393210352,0.012943700719170148,0.020756907582989047,0.003734300241133996,0.014682789327372181,0.03796791243344292,0.004214327531823278,0.02100336079556292,0.006583900376705392,0.0009070812943704203,0.007828294599764456,0.001082575953833783,0.004749237352900786
2023-10-27,0.05695139544372269,0.540634848928575,0.05055671116188297,0.05949149279813949,0.07846857406592099,0.012114784099290617,0.027286888763452435,0.02371449095561039,0.0019153190459973068,0.06335550427817664,0.028338835123321218,0.0060128835506767795,0.02049088681153409,0.0015812917749392556,0.0075693796606809425,0.00970092518769916,0.009623141896458466,0.016849282322314436,0.00359921367903073,0.015282657235720717,0.02862530161473842,0.00826782891810544,0.03560200942486896,0.0139264649191428,0.0010253404108386609,0.01315171628177734,0.0010224346695842962,0.0056418371955831515
2023-10-28,0.05717268471675297,0.5448110661962536,0.050925696073536975,0.061909385258331895,0.0800024478974357,0.011101610531670678,0.026107782802363574,0.022999191890516395,0.001548366068641302,0.06976049904545922,0.03143165891820772,0.005342025220106235,0.01807643122587823,0.0015297960221932574,0.007406972720022934,0.011433532772443517,0.009401934636035074,0.018586289359463045,0.0038140778311925357,0.013179248029995051,0.03421556121253255,0.00951201345451557,0.028914971930014646,0.009264549655206919,0.0009272294594213729,0.006509996463684945,0.001079923989791616,0.004935943365244578
2023-10-29,0.0547984269178801,0.5309703764344124,0.05774007865758566,0.06809419255091839,0.08206033559592163,0.011023358418615993,0.032634982128747984,0.02295126490116825,0.002125356775483353,0.06432504497994393,0.03148666619346386,0.007121892772394698,0.019064565904970868,0.0019534382156798863,0.007182562587585088,0.00693075819333565,0.01141072600513434,0.017220991451553033,0.003603544229310356,0.015269995909504409,0.03230631325827981,0.005089326838225415,0.03336915726380352,0.007934771095371985,0.0009726539505357689,0.011186527584348452,0.0009387924235686634,0.005127403794736489
2023-10-30,0.062336328964101885,0.5442805283054495,0.05457238422557643,0.06250640145489027,0.08015774066901878,0.007801425161388198,0.029217270743711974,0.023549602840847495,0.0018187382113261463,0.06781275215490014,0.029139921247257766,0.006835891531911815,0.016554725078762423,0.0013670550160783377,0.005901101774138405,0.008871139968726776,0.014828383145272591,0.017089083086261357,0.0044256075221762205,0.013049166736806053,0.030775323839836517,0.007452966030276258,0.027714294490659992,0.0060772672861323295,0.0009739019318752828,0.012291186287864084,0.0009670455094419819,0.00407890441938513
2023-10-31,0.05248384435811718,0.5381403855001053,0.058826848528581055,0.07279321134045547,0.07716546971699607,0.009717320494364795,0.02678758862082483,0.02293271582447073,0.0018551042769392545,0.06218424789922741,0.03779820610342093,0.00944224712306067,0.016153744923036395,0.0014194931652626737,0.005781395539945984,0.008589650721895452,0.018878187605868565,0.017311051309947565,0.005021039652206662,0.012490622797762226,0.026248652509278714,0.006987361674794888,0.026340425665989688,0.008761410330941518,0.0009572978297349261,0.00967119593368959,0.0009687328219963857,0.0037905318868577
2023-11-01,0.059102248444087055,0.5371256717769913,0.05925120480592612,0.06547242273667742,0.08387608283921764,0.008394283477198663,0.026373358990192053,0.020095566749295808,0.0016083338761194836,0.06273174516882343,0.03342431082641781,0.007857156539416555,0.01851260545390572,0.001628564060130898,0.006919358458725708,0.00949593961912196,0.01378709499874745,0.019273183390384772,0.003272062049344005,0.015046430476619698,0.022024722981191208,0.007342176165634838,0.03242251657776379,0.008036831490039184,0.001184932915778475,0.010203814314268422,0.0010622448139558645,0.004047178619537761
2023-11-02,0.05851334468502152,0.5366413336372302,0.05566454388240954,0.06521586509747526,0.08693457670483416,0.008151136679580851,0.028830755987505223,0.022151500355366446,0.0017369974960741992,0.06728761183263529,0.029130514699525323,0.008292678183110568,0.013960063679245932,0.0014438558878129206,0.0071279814958343955,0.00727382562594073,0.010245569165270686,0.01825877987581004,0.0036208292450088738,0.01612379077690988,0.03077983454686481,0.005743376016605822,0.03633643065502715,0.006132957778805182,0.0009952614871869012,0.008675824285779411,0.0010173173933858348,0.00507658243447573
2023-11-03,0.06131291683666675,0.5322170841890171,0.056456590848514294,0.06349374472610968,0.08415988975593847,0.009815605740375306,0.027909401018176447,0.024075989975412,0.001776516805710259,0.07076498489559895,0.02898456031390811,0.008997383816444842,0.01748676682765431,0.0016033023630376236,0.007170140130684248,0.009690854034533555,0.01071189722232429,0.021197112219849237,0.0037634399915736265,0.014237234146187109,0.028219011987703203,0.006825883392541004,0.029820519595058548,0.007411399944498417,0.0011295810026308035,0.010756042436137578,0.0011384910904751393,0.0050001242358402795
2023-11-04,0.0576755880794831,0.5335902004543696,0.053790665161861206,0.06834779224484859,0.08092945799909732,0.009807371141957429,0.02701124342116652,0.024534988265821664,0.001958887945842218,0.06283986496843953,0.032093543566318834,0.008612511848999062,0.0171189520858,0.001621575615960352,0.007580095188507846,0.0076584566711476055,0.01449375014360767,0.019198458785955764,0.0038727049478855546,0.016369181077214846,0.029544929701613837,0.006993546844333008,0.028196586596203877,0.01002242432028735,0.0013349565017994882,0.012255540817893106,0.0010444321241053491,0.004930863239134916
2023-11-05,0.05510993513059197,0.5294193935887347,0.05514146758125386,0.06837746514257917,0.07932877736047175,0.009256024821061562,0.027408410908645583,0.024094548101701127,0.0017351770514201718,0.07101471881036255,0.03183892105154345,0.007863915892084206,0.0162647356245801,0.0016553509119249593,0.0068039757376583895,0.009677313999591436,0.013632554333375456,0.022451309158869868,0.0041895676325026795,0.014639411569293978,0.031845336557631596,0.006802075412080646,0.029329932869377278,0.008751358808990263,0.0011276980782932257,0.010690525542010441,0.0011911919186367457,0.004237521257389775
2023-11-06,0.06891659546194376,0.5205800185383039,0.06320557911371295,0.06546036243552504,0.09004998288184517,0.008944352065353125,0.026961475873688804,0.02246874368027007,0.001989641167107289,0.07766591952673828,0.028695826725249826,0.00705081953317357,0.018715251894643684,0.0015376885920302243,0.006263891095778002,0.010433156690561534,0.011210825061400503,0.01786210473514196,0.003823113907018924,0.012915952618445513,0.028560006582544463,0.008068170511142217,0.02627727327107946,0.00904909912139038,0.0009902229589405177,0.01082141691806866,0.0009738753513758601,0.004675894861864375
2023-11-07,0.07003726964062136,0.49571208229010083,0.08044507946355274,0.06919439892136864,0.09513302634884319,0.007309614726556896,0.027084884014574977,0.02500738954306795,0.0016386202744526745,0.08586630723317808,0.025223896304672245,0.007134116478301163,0.021515262719692493,0.001481277958736521,0.0045485508932486245,0.011314092516563469,0.012370619331853181,0.019540594562985528,0.003561743857890757,0.010216668482287018,0.031272428833549894,0.006615750409464607,0.023590110478928606,0.0061770004305653145,0.0008565687668085397,0.014589552103009553,0.0010332614577440783,0.006627268955922735
