date,curiosity,excitement,surprise,desire,approval,caring,admiration,amusement,pride,realization,remorse,neutral,confusion,disapproval,joy,anger,relief,optimism,grief,fear,nervousness,love,gratitude,annoyance,disgust,sadness,embarrassment,disappointment,comment_count,Panic_Index,Euphoria_Index,Anger_Index,fear_d1,Panic_Index_d1,Euphoria_Index_d1
2022-02-24,0.06652166505269176,0.049303132081757434,0.04204410213924132,0.05223313267717924,0.042524056606241874,0.052553144193108754,0.018977870481636076,0.022729983989709893,0.02226106292607872,0.05980102092875124,0.03989365102581997,0.01610367251582161,0.06207847635270542,0.053686584767519155,0.01079144889557231,0.04557264907676197,0.01730969775980118,0.014746792217765127,0.030539232352527822,0.03547055200040252,0.0436403618130162,0.010366502057946335,0.014011454922411926,0.038950888888570546,0.02775846790551027,0.03840501777749394,0.03425149376045083,0.03747388686525737,211.0,0.043172787401689464,0.0339197124957032,0.03742733529028093,,,
2022-02-25,0.05578607022762298,0.055078649520874025,0.1344694521278143,0.04072549231350422,0.038666685856878755,0.036596592515707016,0.02274281168356538,0.03037369381636381,0.026210340205579996,0.042952276021242144,0.03553880639374256,0.01852616500109434,0.04599177986383438,0.04617867581546307,0.01471724659204483,0.038717953860759734,0.02024267744272947,0.016136484686285257,0.024802153930068016,0.017903947085142136,0.02540816441178322,0.010728361271321773,0.01794957332313061,0.05902199409902096,0.028364794328808784,0.025514639727771283,0.03613509088754654,0.03451948575675488,5.0,0.031257398426532745,0.03306491179391742,0.042034914096196495,-0.017566604915260384,-0.011915388975156718,-0.0008548007017857781
2022-02-28,0.04676203947100374,0.04086993655396832,0.03474854812439945,0.06963216192606422,0.04239929053518507,0.03346032012874881,0.01254418524654789,0.01428960682824254,0.02032100861995584,0.05210996284666988,0.037601440006660096,0.01682109879847202,0.07342271713746919,0.05989814384116066,0.00848726584162149,0.042457212383548416,0.01376728635902206,0.012621301898939744,0.03305868556102117,0.023477121825433437,0.028213027450773448,0.006775245083392494,0.010170888168633811,0.0610706682006518,0.042491108386052974,0.03607150410405464,0.05853862636205223,0.06791961358653174,3.3333333333333335,0.03729743328100691,0.03480199135115577,0.04867299632341773,0.0017301180089513458,0.003012459957972169,0.0001741106233869976
2022-03-01,0.05431573837995529,0.06503693014383316,0.039506807923316956,0.0709955245256424,0.0663435086607933,0.04310977831482887,0.018765868619084358,0.01868780516088009,0.018625210970640182,0.06601744145154953,0.03618272393941879,0.014043059200048447,0.06491483002901077,0.03703250363469124,0.008119032718241215,0.034576911479234695,0.014580327086150646,0.011949477717280388,0.019540006294846535,0.022705763578414917,0.04682198911905289,0.005972987040877342,0.010824756696820259,0.12140532582998276,0.024169789627194405,0.011358143761754036,0.035315245389938354,0.019082466140389442,1.0,0.03568574506789446,0.04448889475315809,0.06005067564547062,-0.00038853753358125687,-0.004609033232554793,0.01090165108907968
2022-03-02,0.04162103682756424,0.019559701904654503,0.03277924656867981,0.045193299651145935,0.019756322726607323,0.0309725534170866,0.012402639724314213,0.02480103075504303,0.01755654811859131,0.04964304342865944,0.046482425183057785,0.014305074699223042,0.05283798277378082,0.08883143961429596,0.011761002242565155,0.04629526659846306,0.023375529795885086,0.0103834867477417,0.038051728159189224,0.02006322331726551,0.025001347064971924,0.012794595211744308,0.014134841971099377,0.08041952550411224,0.041488874703645706,0.02659733220934868,0.07968387007713318,0.07320693135261536,1.0,0.045094608794897795,0.021330762654542923,0.056067888935407005,-0.0026425402611494064,0.009408863727003336,-0.02315813209861517
2022-03-07,0.08273181025180276,0.06015098637349351,0.033378798290397284,0.05029357562738437,0.04365138753955425,0.04568578692636004,0.027976271043169413,0.026993135908722054,0.034608361841593355,0.05769630556029302,0.03713116004925083,0.01576522655819577,0.06796564903386214,0.07022762878504754,0.01905507316459315,0.049017917761510175,0.017735086295201822,0.016064684704394528,0.024042902423793245,0.02123379071795002,0.025570471486490637,0.011010205666362136,0.01393143019285398,0.03609129071183917,0.025133645008921762,0.02205600984894705,0.032001142079631485,0.03280029897427152,7.666666666666667,0.03854076275968476,0.03784314148188396,0.036747617827423695,-0.0010351050489892568,-0.003956222819397226,0.005663332525485505
2022-03-10,0.039009034633636475,0.015886303037405014,0.029469795525074005,0.035018954426050186,0.014878134243190289,0.02781827002763748,0.009892499074339867,0.02703283540904522,0.01611715368926525,0.04133680462837219,0.047252994030714035,0.013662835583090782,0.052929699420928955,0.0999843031167984,0.010881688445806503,0.04388759285211563,0.02138518914580345,0.00864831730723381,0.03607896342873573,0.017781013622879982,0.022987529635429382,0.01206874381750822,0.012155655771493912,0.09898211807012558,0.04607473313808441,0.027520962059497833,0.09213964641094208,0.07911821454763412,1.0,0.04700146010145545,0.017062679491937162,0.06298148135344188,0.0008231054525822401,0.013775519764749333,-0.021258080739062275
2022-03-14,0.08852353040128946,0.07489883444375461,0.07859767745766374,0.04677830305364397,0.0422897156741884,0.05798037702010738,0.0315852691936824,0.10425123975922664,0.038898511272337705,0.059967406301034816,0.02825593762099743,0.017539188783201907,0.038234147450162306,0.026188265014853742,0.033639670039216675,0.02380678890686896,0.030564037151634693,0.024243223739580974,0.012957316047201553,0.013076352990335887,0.017470019559065502,0.019226175939871203,0.02161351161905461,0.023577981576737433,0.013291256967931986,0.009081700454569526,0.01562706965746151,0.00783655815757811,2.0,0.021247643796313137,0.04436994939007693,0.020225342483846127,-0.0037659090012311935,-0.011165712727233768,0.0043396745497981705
2022-03-15,0.046728278417140244,0.07160662026144564,0.028774978686124088,0.03977711191400886,0.13937507455702872,0.0520142805762589,0.04102344666607678,0.020516034122556447,0.04310280689969659,0.05096608372405172,0.026159858936443924,0.015531241684220732,0.04483778453432023,0.0449652403825894,0.022697384434286504,0.03249526573345065,0.017198391165584324,0.02929733881028369,0.01755198072642088,0.01191749710123986,0.025976540893316268,0.010447232727892697,0.014837656251620502,0.03232444925233722,0.033366636652499435,0.02072509853169322,0.03393354997970164,0.03185214149998501,10.0,0.027254784328397362,0.06055070599541068,0.0327287838794291,0.005434210482053458,0.013750462408643215,0.030469002854079007
2022-03-16,0.030773214297369123,0.02092883369186893,0.020907636266201735,0.040786087163724005,0.10377673478797078,0.0421815785812214,0.024057890434050933,0.010868098645005375,0.022274843940977007,0.03894496173597872,0.03742792992852628,0.014758920355234295,0.053750340826809406,0.058984540388337336,0.011011092545231804,0.03821876239089761,0.016597670648479834,0.011372100067092106,0.03822782708448358,0.018097410153131932,0.016202605213038623,0.01031720764876809,0.05906250074622221,0.054330545506672934,0.038664342122501694,0.044850990758277476,0.046738047851249576,0.07588728156406432,8.0,0.032678121420758544,0.03757496965117753,0.04373788334002408,0.006179913051892073,0.0054233370923611815,-0.022975736344233152
2022-03-21,0.02457721484825015,0.021338213235139847,0.02229946479201317,0.04260395234450698,0.01576312119141221,0.01816599164158106,0.011522709857672453,0.011091434862464666,0.01846181135624647,0.028175143525004387,0.04091310687363148,0.014909990131855011,0.05173250660300255,0.16833901777863503,0.00728748319670558,0.06270921230316162,0.0120040662586689,0.008949255105108023,0.0346302380785346,0.028199131600558758,0.02999572642147541,0.010538707952946424,0.008379892213270068,0.06951595656573772,0.05802234075963497,0.03715743124485016,0.04534866847097874,0.09736821614205837,2.0,0.06686174566857517,0.019188405014574528,0.06341583654284477,0.010101721447426826,0.034183624247816624,-0.018386564636603
2022-04-20,0.08385516230233954,0.03639764887127049,0.040564423214499525,0.04838935341414751,0.04682649868242081,0.04712847544296274,0.013661644873616187,0.01947917579560206,0.021220110756914736,0.05426402754394464,0.04082161497360873,0.019249384562729052,0.09267533422239775,0.0640470656539196,0.008687061482579311,0.039782016235177665,0.016477081971016976,0.012526824196701128,0.029482529218335753,0.024064325822463022,0.025325157962178865,0.006679047584009257,0.011899366352065168,0.0477731073121495,0.026814804168291462,0.027677839260222842,0.03966921072417093,0.054561709980616005,103.0,0.038564541103042554,0.03056547732942385,0.03812330923853954,-0.0041348057780957355,-0.028297204565532613,0.011377072314849322
2022-04-21,0.08850919562118019,0.03792237738996525,0.04018878879244713,0.05084657243124264,0.04324517025174025,0.045807275263702166,0.016810633625616047,0.017919999492519042,0.02227748169645886,0.056914727929431724,0.038067435037673396,0.01971447347279857,0.09335555962067754,0.059164891375557464,0.009472131729125977,0.04696828304954311,0.017901494866237044,0.014506771821556064,0.026856583556817734,0.02457173585015185,0.02335344810340115,0.006660370342775851,0.015429403646575177,0.04254066241521608,0.029945535790723038,0.030188279452404994,0.03717308922889916,0.043687624915037304,68.0,0.03628937759169597,0.031198604724726037,0.03981816041849407,0.0005074100276888267,-0.002275163511346587,0.0006331273953021875
2022-04-22,0.10920575316305514,0.04678056709882286,0.04341285020388939,0.05029018695845648,0.04730263536933948,0.05558299669926917,0.01983191451506206,0.04030802849404238,0.021314594532466598,0.05257284913763956,0.03830496628803236,0.020896436870787984,0.1000337271468231,0.03917124651855341,0.01381100396004816,0.02892639003349123,0.017978785404314596,0.014625601435977,0.024777708626869652,0.018633411429753458,0.02535676933756029,0.008950062070248855,0.021681049269520573,0.03505590490789877,0.019586593481815524,0.02452516536814747,0.028929830089004502,0.03215297030422975,27.0,0.03036659839347488,0.034561998964528794,0.02785629614106851,-0.0059383244203983915,-0.005922779198221088,0.0033633942398027562
2022-04-25,0.08030845808486144,0.036787757389469156,0.03527318385562726,0.06031822637610493,0.04752890164076927,0.04511564313434065,0.013568691431456024,0.010940651302336759,0.01846867496857331,0.0466278447370444,0.0418608607724309,0.016812873363406176,0.08442522617323057,0.059193992579267135,0.007246564988634505,0.04188331058692364,0.01513309806718358,0.017267927984219222,0.03211784188059114,0.024807368436207372,0.02769232986583596,0.006335360926598133,0.010919437764234662,0.04444434934606155,0.03774956200670983,0.039307246330593314,0.040025953675753304,0.05783867069763974,25.5,0.038388637913435344,0.033829875675839415,0.04135907397989834,0.0032027910886056454,0.004163906633423975,-0.0008673813996624667
